---,Cost,KillBonus,BaseDamage,ArmourDamage,ArmourPenetration,HelmetDamage,HelmetBleed,Weight,FalloffModifier,MinFalloffDist,MaxFalloffDist
1911,1,800,2995,25,10,100,50,0,0.8,2250,3000
57,1,300,2990,25,100,100,75,0,0.85,2500,3000
sock,1,600,2990,30,10,50,50,0,0.85,1250,2000
m9,1,400,290,40,10,50,50,0,0.85,1500,2000
de,1,600,490,35,100,100,100,0,0.85,2500,3500
revolver,1,600,950,50,100,100,100,0,0.68,1000,3500
cet9,1,500,295,25,50,80,50,0,0.8,2250,3000
smg,1,800,295,25,10,100,50,0,0.8,2250,3000
uzi,1,600,290,20,10,50,25,0,0.85,1250,2000
ak,1,600,290,35,60,100,50,0,0.85,2000,3000
mp5,1,400,290,30,10,25,25,0,0.85,1500,2500
p90,1,300,290,20,10,25,75,0,0.8,1500,2500
vanas,1,200,290,45,60,50,75,0,0.75,1000,3500
kross,1,100,290,20,10,25,25,0,0.8,1500,2500
ar9,1,400,295,25,10,100,50,0,0.8,2000,3000
shotgun,1,600,915,15,10,25,0,0,0.67,750,1500
sawedoff,1,600,940,25,10,50,10,0,0.33,250,500
drumshotgun,1,100,915,15,15,25,10,0,0.67,500,1100
autoshotgun,1,100,915,15,10,25,10,0,0.67,500,1000
ak47,1,300,925,60,100,100,100,0,1,500,4000
ak12,1,300,925,45,100,100,74,0,1,500,4000
ar,1,300,920,45,100,100,75,0,1,500,4000
aug,1,300,920,45,100,100,75,0,1,500,4000
galul,1,300,920,45,100,100,75,0,1,500,4000
m16,1,300,920,45,100,100,75,0,1,500,4000
sks,1,100,935,60,100,100,100,0,1,500,4000
akshorty,1,400,925,25,10,100,50,0,1,500,4000
vzz,1,200,920,50,10,50,25,0,0.8,2000,3500
lmga,1,100,920,60,100,100,75,0,1,500,4000
awp,1,0,9100,50,65,100,100,0,1,500,4000
autosniper,1,100,920,60,100,100,100,0,1,500,4000
antitank,1,0,9200,100,100,100,100,0,1,500,4000
scur,1,100,935,60,100,100,100,0,1,500,4000
luger,1,400,925,30,10,50,75,0,1,500,4000
tokarev,1,800,925,25,10,100,50,0,0.8,2250,3000
webley,1,600,945,35,100,100,100,0,1,500,4000
sten,1,400,920,30,10,25,25,0,1,500,4000
mp40,1,400,290,30,10,25,25,0,1,500,4000
thompson,1,400,290,30,10,25,25,0,1,500,4000
stg44,1,300,290,40,100,100,75,0,1,500,4000
ppsh,1,100,197,20,10,25,25,0,0.8,1500,2500
m1garand,1,400,395,60,100,100,100,0,1,500,4000
g43,1,100,935,60,100,100,100,0,1,500,4000
svt40,1,400,935,60,100,100,100,0,1,500,4000
mosin,1,800,980,60,100,100,100,0,1,500,4000
springfield,1,800,980,60,100,100,100,0,1,500,4000
kar98,1,800,980,60,100,100,100,0,1,500,4000
leeenfield,1,800,980,60,100,100,100,0,1,500,4000
bar,1,100,920,60,100,100,75,0,1,500,4000
bren,1,100,920,60,100,100,75,0,1,500,4000
dp27,1,100,920,60,100,100,75,0,1,500,4000
mg42,1,100,920,60,100,100,75,0,1,500,4000
rl_m1a1,1,150,9100,100,100,100,100,0,1,500,4000
rl_piat,1,150,1900,100,100,100,100,0,1,500,4000
rl_panzer,1,150,1900,100,100,100,100,0,1,500,4000
rl_rpg,1,150,1900,100,100,100,100,0,1,500,4000
smoke,1,0,0,0,0,0,0,0,1,500,4000
smoke_ru,1,0,0,0,0,0,0,0,1,500,4000
flash,1,1200,0,0,0,0,0,0,1,500,4000
flash_ru,1,1200,0,0,0,0,0,0,1,500,4000
grenade_us,1,0,0,80,90,0,0,0,1,500,4000
smoke_us,1,0,0,0,0,0,0,0,1,500,4000
grenade_ger,1,0,0,80,90,0,100,0,1,500,4000
smoke_ger,1,0,0,0,0,0,0,0,1,500,4000
grenade_svt,1,0,0,80,90,0,0,0,1,500,4000
smoke_svt,1,0,0,0,0,0,0,0,1,500,4000
grenade,1,0,0,80,90,0,0,0,1,500,4000
grenade_ru,1,0,0,80,90,0,0,0,1,500,4000
armour,1,0,50,10,0,0,75,0,1,500,4000
kevlarhelmet,1,0,50,10,0,0,75,0,1,500,4000
supp_pistol,1,-50,0,0,0,0,0,0,1,500,4000
supp_rifle,1,-200,0,0,0,0,0,0,1,500,4000
scope,1,0,0,0,0,0,0,0,1,500,4000
grip_angled,1,-100,0,0,0,0,0,0,1,500,4000
grip_vertical,1,-150,0,0,0,0,0,0,1,500,4000
flashlight_rifle,1,-100,0,0,0,0,0,0,1,500,4000
laser_rifle,1,-100,0,0,0,0,0,0,1,500,4000
laser_pistol,1,-100,0,0,0,0,0,0,1,500,4000
acog,1,-50,0,0,0,0,0,0,1,500,4000
holo,1,-150,0,0,0,0,0,0,1,500,4000
reddot,1,-150,0,0,0,0,0,0,1,500,4000
painkillers,1,0,0,0,0,0,0,0,1,500,4000
knife,1,1200,0,0,0,0,0,0,1,500,4000
taser,1,500,10,10,0,0,0,0,1,500,4000
newtonlauncher,1,0,930,0,0,0,100,0,1,500,4000
tttknife,1,0,50,10,0,0,75,0,1,500,4000
healthstation,1,0,50,10,0,0,75,0,1,500,4000
monocular,1,0,50,10,0,0,75,0,1,500,4000
teleporter,1,0,50,10,0,0,75,0,1,500,4000
ballisticsshield,1,0,50,10,0,0,75,0,1,500,4000
flaregun,1,0,1,0,0,0,1,0,1,500,4000
dnascanner,1,0,50,10,0,0,75,0,1,500,4000
silentcet9,1,500,25,25,50,80,50,0,1,500,2000
detectivesmg,1,0,20,30,10,100,25,0,0.75,500,2000
tttc4,1,0,50,10,100,0,75,0,1,500,4000
goldengun,1,0,200,200,100,100,100,0,1,500,4000
grenade_dis,1,0,50,10,0,0,75,0,1,500,4000
trenchgun,1,600,915,15,10,25,0,0,0.67,750,1500
tranqgun,1,0,917,0,0,10,1,0,1,500,4000
hunting,1,800,950,60,100,100,100,0,1,500,4000
skorpion,1,600,920,20,10,50,25,0,0.85,1250,2000
pkm,1,100,20,20,100,100,100,0,1,500,4000
gas,1,0,0,0,0,0,100,0,1,500,4000
thompson_drum,1,400,920,30,10,25,25,0,1,500,4000
ppsh_drum,1,100,917,20,10,25,25,0,0.8,1500,2500
